{
  "post": [
    {
      "img": "1.png",
      "title": "Post 1",
      "description": "consequat aliquip mollit incididunt duis aliquip laboris sint aliquip minim Lorem Lorem cupidatat ad velit ex officia voluptate consectetur pariatur fugiat fugiat magna dolor occaecat minim aliqua aliquip duis reprehenderit anim sunt eiusmod nostrud Lorem eiusmod quis tempor nisi fugiat dolore ad ut consequat ea enim nulla et nulla qui occaecat amet occaecat sint mollit nisi cupidatat sint quis amet nulla est occaecat ex esse in nisi mollit ex et incididunt veniam amet sit Lorem incididunt elit commodo cupidatat adipisicing culpa ad veniam sint nisi non nisi fugiat et velit sit consequat sunt pariatur anim minim laboris cupidatat nisi incididunt",
      "link": "https://astaaxd.site"
    },
    {
      "img": "1.png",
      "title": "Post 2",
      "description": "Lorem ipsum dolor sit amet, consectetur adipisicing elit, sed do eiusmod tempor incididunt ut labore et dolore magna aliqua"
    },
    {
      "img": "1.png",
      "title": "Post 3",
      "description": "Lorem ipsum dolor sit amet, consectetur adipisicing elit, sed do eiusmod tempor incididunt ut labore et dolore magna aliqua"
    }
  ]
}
